Dataset,Number_Of_Candidates,Number_of_voters,Max_Ballot_length,Preferred_winner,Upper_Bound,heuristic_margin,Our_margin,Blom_margin,Margin_correct,Upper_bound_correct,Heuristic_equl_margin,Our_runtime,Blom_runtime,Our_number_LPS,Blom_number_LPS,Our_number_node_explored,Blom_number_node_explored,Our_bl_calls,Blom_Leaf_node_explored
Data_NA_Albury,5,46335,5,0,11680,5840,5840,5840.0,1,1,1,0.07711000000000023,0.06569230000000026,0,13,14,14,13,2
Data_NA_Albury,5,46335,5,1,24547,12274,12274,12274.0,1,1,1,0.022085800000000155,0.11168970000000034,0,19,21,20,20,2
Data_NA_Albury,5,46335,5,2,23453,11727,11785.0,11785.0,1,1,0,0.07299140000000026,0.09173290000000023,0,17,20,18,19,4
Data_NA_Albury,5,46335,5,3,0,0,0,0.0,1,1,1,0.0016426000000002716,0.027776900000000104,0,10,1,11,0,1
Data_NA_Albury,5,46335,5,4,21943,10972,10972,10972.0,1,1,1,0.032503300000000124,0.06742090000000012,0,13,15,14,14,2
Data_NA_Auburn,6,43781,6,0,19112,9556,9935.0,9935.0,1,1,0,0.43177160000000026,1.2607587999999996,0,157,191,158,170,24
Data_NA_Auburn,6,43781,6,1,4529,2265,2265,2265.0,1,1,1,0.07617090000000104,0.23963209999999968,0,36,37,37,36,6
Data_NA_Auburn,6,43781,6,2,18972,9486,10003.0,10003.0,1,1,0,0.4001488999999996,1.2492766999999994,0,156,191,157,170,23
Data_NA_Auburn,6,43781,6,3,17331,8666,8852.0,8852.0,1,1,0,0.3098510000000001,1.1031888000000016,0,145,167,146,123,20
Data_NA_Auburn,6,43781,6,4,0,0,0,0.0,1,1,1,0.009479199999999466,0.07155640000000041,0,18,1,19,0,1
Data_NA_Auburn,6,43781,6,5,18303,9152,9125.0,9125.0,1,1,0,0.22051719999999975,0.8244904999999996,0,114,121,115,120,14
Data_NA_Ballina,7,47454,7,0,16648,8324,8085,8085.0,1,1,0,0.8419615999999994,1.2589612000000017,0,111,196,112,176,4
Data_NA_Ballina,7,47454,7,1,13145,6573,4495,4495.0,1,1,0,0.18365700000000018,0.3061043000000012,0,29,30,30,29,2
Data_NA_Ballina,7,47454,7,2,2534,1267,1267,1267.0,1,1,1,0.3973417000000019,0.33697440000000256,0,30,50,31,49,3
Data_NA_Ballina,7,47454,7,3,20122,10061,9881,9881.0,1,1,0,2.9541154000000027,3.5453551999999995,0,266,511,267,381,22
Data_NA_Ballina,7,47454,7,4,0,0,0,0.0,1,1,1,0.02550940000000068,0.1628816999999998,0,21,1,22,0,1
Data_NA_Ballina,7,47454,7,5,20602,10301,9965,9965.0,1,1,0,3.329197699999998,3.838932900000003,0,283,538,284,411,28
Data_NA_Ballina,7,47454,7,6,2259,1130,1130,1130.0,1,1,1,0.13251349999999817,0.272421099999999,0,25,26,26,25,3
Data_NA_Balmain,7,46952,7,0,25038,12519,8798.0,8798.0,1,1,0,1.9024737000000016,4.267624900000001,0,321,427,322,290,20
Data_NA_Balmain,7,46952,7,1,25991,12996,12178,12178.0,1,1,0,1.0113950999999943,2.776701899999999,0,217,273,218,272,7
Data_NA_Balmain,7,46952,7,2,13710,6855,6192,6192.0,1,1,0,0.20861580000000401,0.5424562999999978,0,42,43,43,42,6
Data_NA_Balmain,7,46952,7,3,27033,13517,12513,12513.0,1,1,0,1.1064857000000003,2.9017956,0,228,273,229,272,9
Data_NA_Balmain,7,46952,7,4,24884,12442,8859.0,8859.0,1,1,0,1.9347633000000002,4.295636399999999,0,321,427,322,293,20
Data_NA_Balmain,7,46952,7,5,0,0,0,0.0,1,1,1,0.03179229999999933,0.1709512999999987,0,21,1,22,0,1
Data_NA_Balmain,7,46952,7,6,3462,1731,1731,1731.0,1,1,1,0.21972369999999586,0.614386599999996,0,43,44,44,43,7
Data_NA_Bankstown,6,42899,6,0,11083,5542,5542,5542.0,1,1,1,0.043875100000001055,0.25443159999999665,0,36,37,37,36,6
Data_NA_Bankstown,6,42899,6,1,22415,11208,11208,11208.0,1,1,1,0.13096310000000244,0.28656810000000377,0,48,60,49,59,2
Data_NA_Bankstown,6,42899,6,2,24476,12238,12179,12179.0,1,1,0,0.11622409999999661,1.0491468000000026,0,138,139,139,138,26
Data_NA_Bankstown,6,42899,6,3,23575,11788,11788,11788.0,1,1,1,0.18617339999999416,0.6379885999999999,0,107,118,108,117,3
Data_NA_Bankstown,6,42899,6,4,22555,11278,11144,11144.0,1,1,0,0.0618811000000008,0.21476959999999679,0,33,34,34,33,3
Data_NA_Bankstown,6,42899,6,5,0,0,0,0.0,1,1,1,0.006614999999996485,0.07586429999999922,0,18,1,19,0,1
Data_NA_Barwon,6,47707,6,0,19280,9640,9640,9640.0,1,1,1,0.07841810000000038,0.18532749999999965,0,33,42,34,41,3
Data_NA_Barwon,6,47707,6,1,10458,5229,5229,5229.0,1,1,1,0.062084099999999864,0.18954730000000097,0,32,38,33,37,4
Data_NA_Barwon,6,47707,6,2,12136,6068,6068,6068.0,1,1,1,0.07912470000000127,0.1821690000000018,0,29,36,30,35,3
Data_NA_Barwon,6,47707,6,3,21327,10664,10752.0,10752.0,1,1,0,0.39487790000000444,0.30424659999999903,0,46,78,47,77,5
Data_NA_Barwon,6,47707,6,4,0,0,0,0.0,1,1,1,0.008217600000001823,0.055821000000001675,0,15,1,16,0,1
Data_NA_Barwon,6,47707,6,5,24128,12064,11524,11524.0,1,1,0,0.14795479999999372,1.0859693999999962,0,138,139,139,138,26
Data_NA_Bathurst,5,48632,5,0,29772,14886,14362,14362.0,1,1,0,0.018565000000002385,0.1916926000000032,0,35,36,36,35,8
Data_NA_Bathurst,5,48632,5,1,14533,7267,7267,7267.0,1,1,1,0.00973679999999888,0.061813199999996016,0,14,15,15,14,3
Data_NA_Bathurst,5,48632,5,2,0,0,0,0.0,1,1,1,0.0014240000000000919,0.029466400000004,0,10,1,11,0,1
Data_NA_Bathurst,5,48632,5,3,23781,11891,11891,11891.0,1,1,1,0.012655900000005715,0.04744819999999805,0,12,14,13,13,1
Data_NA_Bathurst,5,48632,5,4,29161,14581,14521.0,14521.0,1,1,0,0.019859199999999078,0.19485060000000232,0,35,36,36,35,8
Data_NA_Baulkham_Hills,5,49266,5,0,0,0,0,0.0,1,1,1,0.0014454000000014844,0.028803799999998603,0,10,1,11,0,1
Data_NA_Baulkham_Hills,5,49266,5,1,30088,15044,15044,15044.0,1,1,1,0.013537100000000635,0.1460442999999998,0,29,30,30,29,3
Data_NA_Baulkham_Hills,5,49266,5,2,29923,14962,14962,14962.0,1,1,1,0.02415539999999794,0.09292659999999842,0,19,20,20,19,3
Data_NA_Baulkham_Hills,5,49266,5,3,25216,12608,12608,12608.0,1,1,1,0.015412000000004866,0.08695949999999897,0,16,17,17,16,3
Data_NA_Baulkham_Hills,5,49266,5,4,20046,10023,10023,10023.0,1,1,1,0.015807299999998747,0.07535910000000001,0,16,17,17,16,3
Data_NA_Bega,5,47658,5,0,19291,9646,11224.0,11224.0,1,1,0,0.04421169999999819,0.07698729999999898,0,16,19,17,17,3
Data_NA_Bega,5,47658,5,1,14460,7230,8007.0,8007.0,1,1,0,0.018224899999999877,0.07790110000000539,0,16,18,17,13,3
Data_NA_Bega,5,47658,5,2,7325,3663,3663,3663.0,1,1,1,0.010297000000001333,0.05947880000000083,0,13,14,14,13,2
Data_NA_Bega,5,47658,5,3,21650,10825,11976.0,11976.0,1,1,0,0.05072630000000089,0.10142239999999703,0,18,23,19,21,2
Data_NA_Bega,5,47658,5,4,0,0,0,0.0,1,1,1,0.0025467000000034545,0.027541800000001615,0,10,1,11,0,1
Data_NA_Blacktown,5,46262,5,0,0,0,0,0.0,1,1,1,0.004329800000000716,0.030382899999999324,0,10,1,11,0,1
Data_NA_Blacktown,5,46262,5,1,24621,12311,12174,12174.0,1,1,0,0.01374280000000283,0.1924610999999956,0,35,36,36,35,8
Data_NA_Blacktown,5,46262,5,2,22995,11498,11075,11075.0,1,1,0,0.013248000000004367,0.08360880000000037,0,18,19,19,18,2
Data_NA_Blacktown,5,46262,5,3,22942,11471,11472.0,11472.0,1,1,0,0.04803300000000377,0.21042039999999673,0,30,33,31,32,4
Data_NA_Blacktown,5,46262,5,4,11130,5565,5565,5565.0,1,1,1,0.00954229999999967,0.07421380000000255,0,16,17,17,16,3
Data_NA_Blue_Mountains,6,47608,6,0,0,0,0,0.0,1,1,1,0.006687700000000518,0.054224099999999,0,15,1,16,0,1
Data_NA_Blue_Mountains,6,47608,6,1,12976,6488,5947,5947.0,1,1,0,0.035713699999995185,0.13656170000000145,0,21,22,22,21,3
Data_NA_Blue_Mountains,6,47608,6,2,7227,3614,3614,3614.0,1,1,1,0.04597400000000107,0.2718114999999983,0,40,41,41,40,5
Data_NA_Blue_Mountains,6,47608,6,3,21415,10708,10240.0,10240.0,1,1,0,0.18347270000000293,0.6089343000000085,0,88,100,89,97,8
Data_NA_Blue_Mountains,6,47608,6,4,23195,11598,11365.0,11365.0,1,1,0,0.2404707999999971,0.6455102000000039,0,93,123,94,105,8
Data_NA_Blue_Mountains,6,47608,6,5,24896,12448,11568.0,11568.0,1,1,0,0.22931680000000654,0.7421727999999916,0,93,123,94,103,8
Data_NA_Cabramatta,5,47691,5,0,27177,13589,13589,13589.0,1,1,1,0.030133500000005142,0.1493485000000021,0,30,32,31,31,2
Data_NA_Cabramatta,5,47691,5,1,15226,7613,7613,7613.0,1,1,1,0.011018599999999878,0.05761850000000379,0,13,14,14,13,2
Data_NA_Cabramatta,5,47691,5,2,27914,13957,13957,13957.0,1,1,1,0.016838399999997478,0.23103569999999252,0,43,41,44,40,9
Data_NA_Cabramatta,5,47691,5,3,27074,13537,13537,13537.0,1,1,1,0.01598380000000077,0.1385891999999984,0,29,31,30,30,1
Data_NA_Cabramatta,5,47691,5,4,0,0,0,0.0,1,1,1,0.0015463000000011107,0.030037799999988124,0,10,1,11,0,1
Data_NA_Camden,5,48152,5,0,26238,13119,13119,13119.0,1,1,1,0.023621899999994866,0.06736079999998879,0,16,18,17,17,3
Data_NA_Camden,5,48152,5,1,28621,14311,14311,14311.0,1,1,1,0.028729200000000787,0.2313290999999964,0,43,45,44,44,9
Data_NA_Camden,5,48152,5,2,0,0,0,0.0,1,1,1,0.0015343999999970492,0.02518750000000125,0,10,1,11,0,1
Data_NA_Camden,5,48152,5,3,27620,13810,13810,13810.0,1,1,1,0.03897399999999607,0.10341590000000167,0,22,25,23,24,3
Data_NA_Camden,5,48152,5,4,16433,8217,8217,8217.0,1,1,1,0.01140540000000101,0.06877799999999468,0,13,14,14,13,2
Data_NA_Campbelltown,5,45124,5,0,0,0,0,0.0,1,1,1,0.0014958999999947764,0.022473699999991936,0,10,1,11,0,1
Data_NA_Campbelltown,5,45124,5,1,21246,10623,10992,10992.0,1,1,0,0.044919500000005996,0.22622970000000464,0,43,51,44,42,9
Data_NA_Campbelltown,5,45124,5,2,6192,3096,3096,3096.0,1,1,1,0.012446400000001745,0.07125010000000032,0,16,17,17,16,3
Data_NA_Campbelltown,5,45124,5,3,21376,10688,10138,10138.0,1,1,0,0.011780500000000416,0.0791243000000037,0,17,18,18,17,2
Data_NA_Campbelltown,5,45124,5,4,22604,11302,11133,11133.0,1,1,0,0.019582799999994904,0.18839810000000057,0,35,36,36,35,8
Data_NA_Canterbury,5,47631,5,0,21304,10652,10652,10652.0,1,1,1,0.03421579999999835,0.14834109999999612,0,26,28,27,27,3
Data_NA_Canterbury,5,47631,5,1,24955,12478,12393,12393.0,1,1,0,0.019937000000012972,0.19221389999999872,0,34,35,35,34,7
Data_NA_Canterbury,5,47631,5,2,0,0,0,0.0,1,1,1,0.0016016999999948212,0.025474199999990788,0,10,1,11,0,1
Data_NA_Canterbury,5,47631,5,3,21290,10645,10383,10383.0,1,1,0,0.01403749999998638,0.0952375000000103,0,20,21,21,20,1
Data_NA_Canterbury,5,47631,5,4,13219,6610,6610,6610.0,1,1,1,0.011646599999991736,0.058750700000004485,0,13,14,14,13,2
Data_NA_Castle_Hill,5,48092,5,0,32722,16361,16361,16361.0,1,1,1,0.014651299999997036,0.18993919999999775,0,38,38,39,37,4
Data_NA_Castle_Hill,5,48092,5,1,0,0,0,0.0,1,1,1,0.0014120000000019672,0.02792239999999424,0,10,1,11,0,1
Data_NA_Castle_Hill,5,48092,5,2,29588,14794,14794,14794.0,1,1,1,0.009880800000004797,0.06527900000000386,0,14,15,15,14,3
Data_NA_Castle_Hill,5,48092,5,3,33385,16693,16693,16693.0,1,1,1,0.015262100000001055,0.22307399999999689,0,41,42,42,41,9
Data_NA_Castle_Hill,5,48092,5,4,26320,13160,13160,13160.0,1,1,1,0.01836529999999925,0.058132200000002854,0,14,15,15,14,3
Data_NA_Cessnock,5,45822,5,0,18374,9187,9187,9187.0,1,1,1,0.009867200000002185,0.05912849999999992,0,13,14,14,13,2
Data_NA_Cessnock,5,45822,5,1,26725,13363,13363,13363.0,1,1,1,0.022724499999995373,0.11223979999999756,0,23,25,24,24,2
Data_NA_Cessnock,5,45822,5,2,27118,13559,13559,13559.0,1,1,1,0.02329140000000507,0.16012079999998718,0,33,36,34,35,1
Data_NA_Cessnock,5,45822,5,3,24694,12347,12347,12347.0,1,1,1,0.02140550000000019,0.08819750000000681,0,19,21,20,20,2
Data_NA_Cessnock,5,45822,5,4,0,0,0,0.0,1,1,1,0.0014716000000021268,0.02561469999999133,0,10,1,11,0,1
Data_NA_Charlestown,7,48919,7,0,18666,9333,9129,9129.0,1,1,0,0.19740770000001362,0.6446439999999996,0,45,46,46,45,7
Data_NA_Charlestown,7,48919,7,1,23359,11680,12034.0,12034.0,1,1,0,5.753686500000001,11.27649199999999,0,731,977,732,976,102
Data_NA_Charlestown,7,48919,7,2,0,0,0,0.0,1,1,1,0.027007400000002235,0.15930939999999794,0,21,1,22,0,1
Data_NA_Charlestown,7,48919,7,3,25563,12782,12783,12783.0,1,1,0,5.907648600000002,12.278863900000005,0,743,1009,744,1008,108
Data_NA_Charlestown,7,48919,7,4,25011,12506,12548.0,12548.0,1,1,0,6.0184493,12.358821599999999,0,735,977,736,976,104
Data_NA_Charlestown,7,48919,7,5,11064,5532,5532,5532.0,1,1,1,0.3185319999999905,1.9236831000000052,0,132,139,133,138,19
Data_NA_Charlestown,7,48919,7,6,20857,10429,10593.0,10593.0,1,1,0,3.8756951000000015,2.809561400000007,0,182,344,183,343,28
Data_NA_Clarence,8,47181,8,0,0,0,0,0.0,1,1,1,0.07923489999998878,0.4642456999999922,0,28,1,29,0,1
Data_NA_Clarence,8,47181,8,1,8137,4069,4069,4069.0,1,1,1,3.747195999999974,14.363158900000002,0,521,789,522,788,55
Data_NA_Clarence,8,47181,8,2,17743,8872,10160.0,10160.0,1,1,0,32.8562177,15.099159700000001,0,519,1700,520,1554,49
Data_NA_Clarence,8,47181,8,3,19061,9531,10849.999999999996,10850.0,0,1,0,56.0194104,15.974829099999965,0,531,1916,532,1914,55
Data_NA_Clarence,8,47181,8,4,15572,7786,7786,7786.0,1,1,1,4.170312999999965,13.549695600000007,0,490,679,491,648,54
Data_NA_Clarence,8,47181,8,5,15875,7938,8998.0,8998.0,1,1,0,19.620778299999984,17.05185739999996,0,575,1360,576,1164,64
Data_NA_Clarence,8,47181,8,6,18800,9400,10599.0,10599.0,1,1,0,52.32845930000002,16.327245199999993,0,527,1868,528,1844,57
Data_NA_Clarence,8,47181,8,7,17635,8818,9584.0,9584.0,1,1,0,28.67582169999997,16.665594499999997,0,550,1640,551,1456,58
Data_NA_Coffs_Harbour,5,45162,5,0,11647,5824,5824,5824.0,1,1,1,0.01711050000000114,0.07443950000003952,0,14,15,15,14,3
Data_NA_Coffs_Harbour,5,45162,5,1,23045,11523,11523,11523.0,1,1,1,0.01977449999998271,0.12596380000002227,0,23,25,24,24,2
Data_NA_Coffs_Harbour,5,45162,5,2,22940,11470,11470,11470.0,1,1,1,0.019172900000000936,0.13456969999998591,0,25,28,26,27,1
Data_NA_Coffs_Harbour,5,45162,5,3,16618,8309,8309,8309.0,1,1,1,0.01775720000000547,0.06355660000002672,0,13,15,14,14,2
Data_NA_Coffs_Harbour,5,45162,5,4,0,0,0,0.0,1,1,1,0.0014468999999621701,0.02746940000002951,0,10,1,11,0,1
Data_NA_Coogee,5,46322,5,0,2486,1243,1243,1243.0,1,1,1,0.009177599999986796,0.040856600000040544,0,10,11,11,10,1
Data_NA_Coogee,5,46322,5,1,18798,9399,11019.0,11019.0,1,1,0,0.06254069999999956,0.2170302000000106,0,39,51,40,37,7
Data_NA_Coogee,5,46322,5,2,6482,3241,3953.0,3953.0,1,1,0,0.01512519999999995,0.05944939999994858,0,11,12,12,11,2
Data_NA_Coogee,5,46322,5,3,0,0,0,0.0,1,1,1,0.0031721999999945183,0.03846299999997882,0,10,1,11,0,1
Data_NA_Coogee,5,46322,5,4,21521,10761,11848.0,11848.0,1,1,0,0.09579170000000659,0.23980340000002798,0,42,53,43,52,8
Data_NA_Cootamundra,5,47160,5,0,29734,14867,14867,14867.0,1,1,1,0.024690099999986614,0.10671620000005078,0,22,24,23,23,1
Data_NA_Cootamundra,5,47160,5,1,28426,14213,14213,14213.0,1,1,1,0.009052499999995689,0.08597040000000788,0,16,14,17,13,3
Data_NA_Cootamundra,5,47160,5,2,18494,9247,9247,9247.0,1,1,1,0.012849200000005112,0.05862630000001445,0,13,14,14,13,2
Data_NA_Cootamundra,5,47160,5,3,0,0,0,0.0,1,1,1,0.0014494000000127016,0.035854500000027656,0,10,1,11,0,1
Data_NA_Cootamundra,5,47160,5,4,30807,15404,15404,15404.0,1,1,1,0.040629899999999,0.2328436000000238,0,43,46,44,45,9
Data_NA_Cronulla,5,50333,5,0,0,0,0,0.0,1,1,1,0.0014737000000195621,0.030853700000022855,0,10,1,11,0,1
Data_NA_Cronulla,5,50333,5,1,19348,9674,9674,9674.0,1,1,1,0.011863199999993412,0.06523640000000341,0,16,17,17,16,3
Data_NA_Cronulla,5,50333,5,2,23353,11677,11677,11677.0,1,1,1,0.04643229999999221,0.09064319999998816,0,16,19,17,18,3
Data_NA_Cronulla,5,50333,5,3,28471,14236,14236,14236.0,1,1,1,0.025738799999999173,0.09193140000002131,0,19,22,20,21,3
Data_NA_Cronulla,5,50333,5,4,27376,13688,13688,13688.0,1,1,1,0.02158129999997982,0.07154969999999139,0,16,19,17,18,3
Data_NA_Davidson,5,49147,5,0,37175,18588,18588,18588.0,1,1,1,0.013804499999992004,0.23784689999996544,0,41,42,42,41,9
Data_NA_Davidson,5,49147,5,1,35592,17796,17796,17796.0,1,1,1,0.018287199999974746,0.22214639999998553,0,41,42,42,41,9
Data_NA_Davidson,5,49147,5,2,0,0,0,0.0,1,1,1,0.0013999999999896318,0.039387800000042716,0,10,1,11,0,1
Data_NA_Davidson,5,49147,5,3,25920,12960,12960,12960.0,1,1,1,0.017916200000001936,0.07229320000004691,0,13,14,14,13,2
Data_NA_Davidson,5,49147,5,4,26130,13065,13065,13065.0,1,1,1,0.009910999999988235,0.05110059999998384,0,13,14,14,13,2
Data_NA_Drummoyne,6,46818,6,0,0,0,0,0.0,1,1,1,0.0062689000000091255,0.06077199999998584,0,17,1,18,0,1
Data_NA_Drummoyne,6,46818,6,1,28606,14303,14303,14303.0,1,1,1,0.25957710000000134,1.2284678000000326,0,156,181,157,180,27
Data_NA_Drummoyne,6,46818,6,2,21932,10966,10966,10966.0,1,1,1,0.14609369999999444,0.2589760000000183,0,41,57,42,56,6
Data_NA_Drummoyne,6,46818,6,3,16198,8099,8099,8099.0,1,1,1,0.04316950000003317,0.26929519999998774,0,42,46,43,45,5
Data_NA_Drummoyne,6,46818,6,4,28287,14144,14144,14144.0,1,1,1,0.2613213999999857,1.2172749999999724,0,163,181,164,180,28
Data_NA_Drummoyne,6,46818,6,5,29943,14972,14754,14754.0,1,1,0,0.12700489999997444,1.090854400000012,0,140,142,141,141,26
Data_NA_Dubbo,7,46582,7,0,0,0,0,0.0,1,1,1,0.027192400000046746,0.20881349999996246,0,25,1,26,0,1
Data_NA_Dubbo,7,46582,7,1,26610,13305,13305,13305.0,1,1,1,1.3770993999999632,1.7269861000000333,0,140,237,141,236,10
Data_NA_Dubbo,7,46582,7,2,17359,8680,8680,8680.0,1,1,1,0.49734639999996944,2.7152363999999807,0,166,167,167,166,30
Data_NA_Dubbo,7,46582,7,3,23874,11937,11937,11937.0,1,1,1,1.3632385000000227,2.2626767999999515,0,149,218,150,217,22
Data_NA_Dubbo,7,46582,7,4,24885,12443,12443,12443.0,1,1,1,1.6090340000000083,1.836064399999998,0,129,224,130,223,16
Data_NA_Dubbo,7,46582,7,5,26462,13231,13231,13231.0,1,1,1,1.6109026000000313,2.359070499999973,0,174,254,175,253,17
Data_NA_Dubbo,7,46582,7,6,25316,12658,12658,12658.0,1,1,1,1.4366853999999876,2.2621663999999555,0,142,218,143,217,19
Data_NA_East_Hills,5,47449,5,0,17005,8503,9229.0,9229.0,1,1,0,0.01740770000003522,0.0946864000000005,0,19,20,20,15,2
Data_NA_East_Hills,5,47449,5,1,378,189,189,189.0,1,1,1,0.009246800000028088,0.044161199999962264,0,10,11,11,10,1
Data_NA_East_Hills,5,47449,5,2,18741,9371,10181.0,10181.0,1,1,0,0.030493299999989176,0.1992801999999756,0,35,41,36,31,5
Data_NA_East_Hills,5,47449,5,3,20062,10031,10937.0,10937.0,1,1,0,0.03927550000003066,0.1798769999999763,0,35,41,36,40,5
Data_NA_East_Hills,5,47449,5,4,0,0,0,0.0,1,1,1,0.0028464000000099077,0.030810700000017732,0,10,1,11,0,1
Data_NA_Epping,6,49532,6,0,0,0,0,0.0,1,1,1,0.007723999999996067,0.06987889999999197,0,15,1,16,0,1
Data_NA_Epping,6,49532,6,1,18974,9487,9487,9487.0,1,1,1,0.2392210000000432,0.27655670000001464,0,39,55,40,54,4
Data_NA_Epping,6,49532,6,2,14311,7156,7156,7156.0,1,1,1,0.06261580000000322,0.29350470000002815,0,42,46,43,45,5
Data_NA_Epping,6,49532,6,3,16741,8371,8371,8371.0,1,1,1,0.17963589999999385,0.37417990000000145,0,44,57,45,56,7
Data_NA_Epping,6,49532,6,4,27037,13519,13254,13254.0,1,1,0,0.2124529000000166,1.1879723000000126,0,141,143,142,142,27
Data_NA_Epping,6,49532,6,5,25911,12956,12956,12956.0,1,1,1,0.2622842000000105,0.5155358000000092,0,72,91,73,90,5
Data_NA_Fairfield,5,45921,5,0,22523,11262,11262,11262.0,1,1,1,0.07684520000003658,0.2247805000000085,0,43,46,44,45,9
Data_NA_Fairfield,5,45921,5,1,0,0,0,0.0,1,1,1,0.0015315999999643282,0.030996700000002875,0,10,1,11,0,1
Data_NA_Fairfield,5,45921,5,2,20874,10437,10437,10437.0,1,1,1,0.022576800000024377,0.10859519999996792,0,19,21,20,20,2
Data_NA_Fairfield,5,45921,5,3,13996,6998,6998,6998.0,1,1,1,0.009375799999986612,0.06306810000000951,0,14,15,15,14,3
Data_NA_Fairfield,5,45921,5,4,24075,12038,12038,12038.0,1,1,1,0.030762999999979,0.2419795999999792,0,43,45,44,44,9
Data_NA_Gosford,6,48259,6,0,20131,10066,10397.0,10397.0,1,1,0,0.2783572000000163,0.9515103000000522,0,131,158,132,147,15
Data_NA_Gosford,6,48259,6,1,204,102,102,102.0,1,1,1,0.03552500000000691,0.08486720000001924,0,15,16,16,15,1
Data_NA_Gosford,6,48259,6,2,20270,10135,12082.0,12082.0,1,1,0,0.5241135999999642,1.184855299999981,0,158,219,159,183,21
Data_NA_Gosford,6,48259,6,3,0,0,0,0.0,1,1,1,0.008932400000048801,0.06689749999998185,0,15,1,16,0,1
Data_NA_Gosford,6,48259,6,4,14211,7106,7132.0,7132.0,1,1,0,0.10149599999999737,0.10363680000000386,0,18,25,19,24,2
Data_NA_Gosford,6,48259,6,5,16112,8056,8056,8056.0,1,1,1,0.03545090000000073,0.11874829999999292,0,21,22,22,21,2
Data_NA_Goulburn,6,48663,6,0,16208,8104,9796.0,9796.0,1,1,0,0.1639480999999705,0.3271076999999991,0,47,60,48,57,6
Data_NA_Goulburn,6,48663,6,1,0,0,0,0.0,1,1,1,0.009112000000015996,0.05591229999998859,0,15,1,16,0,1
Data_NA_Goulburn,6,48663,6,2,14485,7243,8698.0,8698.0,1,1,0,0.10911769999995613,0.31163589999999886,0,45,52,46,37,8
Data_NA_Goulburn,6,48663,6,3,19786,9893,11297.0,11297.0,1,1,0,0.30615499999998974,0.7941255999999726,0,115,134,116,101,8
Data_NA_Goulburn,6,48663,6,4,18323,9162,11112.0,11112.0,1,1,0,0.23836679999999433,0.472867400000041,0,73,92,74,78,6
Data_NA_Goulburn,6,48663,6,5,5890,2945,2945,2945.0,1,1,1,0.08279900000002272,0.26753969999998617,0,38,42,39,41,6
Data_NA_Granville,6,45212,6,0,18301,9151,8714.0,8714.0,1,1,0,0.12884120000001076,0.31402880000001687,0,55,61,56,48,3
Data_NA_Granville,6,45212,6,1,19851,9926,10942.0,10942.0,1,1,0,0.5244662000000062,1.1885714999999664,0,155,201,156,164,22
Data_NA_Granville,6,45212,6,2,0,0,0,0.0,1,1,1,0.009261400000013964,0.05284859999994751,0,15,1,16,0,1
Data_NA_Granville,6,45212,6,3,1674,837,837,837.0,1,1,1,0.03654079999995474,0.10107569999996713,0,18,19,19,18,2
Data_NA_Granville,6,45212,6,4,12865,6433,6997,6997.0,1,1,0,0.13216870000002245,0.18428190000003042,0,22,38,23,37,2
Data_NA_Granville,6,45212,6,5,19432,9716,10139.0,10139.0,1,1,0,0.3459990999999718,1.1369263000000274,0,131,159,132,140,16
Data_NA_Hawkesbury,8,46856,8,0,14621,7311,7311,7311.0,1,1,1,3.221505000000036,21.224034800000027,0,717,805,718,804,102
Data_NA_Hawkesbury,8,46856,8,1,0,0,0,0.0,1,1,1,0.05790430000001834,0.38727059999996527,0,28,1,29,0,1
Data_NA_Hawkesbury,8,46856,8,2,25162,12581,12581,12581.0,1,1,1,2.9537864000000127,10.632116100000076,0,395,717,396,716,38
Data_NA_Hawkesbury,8,46856,8,3,25285,12643,12643,12643.0,1,1,1,4.341725499999939,12.702546400000074,0,552,910,553,909,27
Data_NA_Hawkesbury,8,46856,8,4,24194,12097,12097,12097.0,1,1,1,2.80542539999999,5.212928199999965,0,239,691,240,690,6
Data_NA_Hawkesbury,8,46856,8,5,20749,10375,10375,10375.0,1,1,1,2.51521230000003,8.245228200000042,0,335,690,336,689,30
Data_NA_Hawkesbury,8,46856,8,6,20781,10391,10391,10391.0,1,1,1,2.691808100000003,7.867994100000033,0,331,691,332,690,25
Data_NA_Hawkesbury,8,46856,8,7,24815,12408,12408,12408.0,1,1,1,2.745565499999998,8.266164100000083,0,336,708,337,707,28
Data_NA_Heathcote,6,51128,6,0,22127,11064,12365.0,12365.0,1,1,0,0.39317560000006324,0.6526726999999255,0,104,129,105,105,6
Data_NA_Heathcote,6,51128,6,1,21883,10942,11845.0,11845.0,1,1,0,0.4506374000000051,0.40459999999995944,0,64,88,65,78,5
Data_NA_Heathcote,6,51128,6,2,16805,8403,10469.0,10469.0,1,1,0,0.15649539999992612,0.3226994999999988,0,47,64,48,49,4
Data_NA_Heathcote,6,51128,6,3,7119,3560,3560,3560.0,1,1,1,0.22689789999992627,0.35261000000002696,0,39,48,40,47,7
Data_NA_Heathcote,6,51128,6,4,0,0,0,0.0,1,1,1,0.013852999999926396,0.0802218000000039,0,15,1,16,0,1
Data_NA_Heathcote,6,51128,6,5,15381,7691,8679.0,8679.0,1,1,0,0.16711679999991702,0.3747266999999965,0,45,52,46,40,8
Data_NA_Heffron,5,46367,5,0,24828,12414,10002,10002.0,1,1,0,0.03130810000004658,0.15285259999996015,0,30,34,31,33,5
Data_NA_Heffron,5,46367,5,1,0,0,0,0.0,1,1,1,0.0017857000000276457,0.029714100000092003,0,10,1,11,0,1
Data_NA_Heffron,5,46367,5,2,26354,13177,11444.0,11444.0,1,1,0,0.03732239999999365,0.1681236000000581,0,33,38,34,37,6
Data_NA_Heffron,5,46367,5,3,11669,5835,5835,5835.0,1,1,1,0.015529200000059973,0.0824249999999438,0,17,18,18,17,3
Data_NA_Heffron,5,46367,5,4,11648,5824,5824,5824.0,1,1,1,0.013321600000040235,0.05678410000007261,0,13,14,14,13,1
Data_NA_Holsworthy,6,47126,6,0,0,0,0,0.0,1,1,1,0.01190940000003593,0.07099060000007285,0,18,1,19,0,1
Data_NA_Holsworthy,6,47126,6,1,17727,8864,10443.0,10443.0,1,1,0,0.17670899999995981,0.41551640000000134,0,62,76,63,65,9
Data_NA_Holsworthy,6,47126,6,2,19415,9708,11248.0,11248.0,1,1,0,0.2603030000000217,1.0150081999998974,0,137,155,138,96,19
Data_NA_Holsworthy,6,47126,6,3,5803,2902,2902,2902.0,1,1,1,0.05638360000000375,0.33400539999990997,0,45,46,46,45,8
Data_NA_Holsworthy,6,47126,6,4,19630,9815,10931.0,10931.0,1,1,0,0.3275014999999257,0.6678867000000537,0,100,134,101,98,8
Data_NA_Holsworthy,6,47126,6,5,19990,9995,11353.0,11353.0,1,1,0,0.352295399999889,1.0310642000000598,0,137,170,138,115,19
Data_NA_Hornsby,6,49834,6,0,17153,8577,8577,8577.0,1,1,1,0.07078530000001138,0.30575499999997646,0,43,47,44,46,6
Data_NA_Hornsby,6,49834,6,1,0,0,0,0.0,1,1,1,0.0076718000000255415,0.05545730000005733,0,15,1,16,0,1
Data_NA_Hornsby,6,49834,6,2,19546,9773,9773,9773.0,1,1,1,0.052237500000046566,0.24836019999997916,0,37,40,38,39,5
Data_NA_Hornsby,6,49834,6,3,29769,14885,14885,14885.0,1,1,1,0.13465430000007927,1.3183567999999468,0,159,164,160,163,29
Data_NA_Hornsby,6,49834,6,4,23382,11691,11691,11691.0,1,1,1,0.05839640000010604,0.20035170000005564,0,24,40,25,39,2
Data_NA_Hornsby,6,49834,6,5,30743,15372,15148,15148.0,1,1,0,0.1584642000000258,1.2171832999999879,0,141,143,142,142,27
Data_NA_Keira,5,50599,5,0,29151,14576,14576,14576.0,1,1,1,0.026625699999954122,0.2248239000000467,0,40,42,41,41,8
Data_NA_Keira,5,50599,5,1,16327,8164,8164,8164.0,1,1,1,0.013710199999991346,0.062456900000029236,0,13,14,14,13,2
Data_NA_Keira,5,50599,5,2,30153,15077,15077,15077.0,1,1,1,0.014290999999957421,0.21885850000001028,0,39,41,40,40,7
Data_NA_Keira,5,50599,5,3,0,0,0,0.0,1,1,1,0.0025074999999787906,0.0214998999999807,0,10,1,11,0,1
Data_NA_Keira,5,50599,5,4,21145,10573,10573,10573.0,1,1,1,0.022473800000057054,0.07087379999995846,0,15,17,16,16,1
Data_NA_Kiama,5,47686,5,0,28040,14020,12950.0,12950.0,1,1,0,0.020978599999921244,0.19270160000007763,0,35,36,36,35,8
Data_NA_Kiama,5,47686,5,1,0,0,0,0.0,1,1,1,0.0019002000000227781,0.036602099999981874,0,10,1,11,0,1
Data_NA_Kiama,5,47686,5,2,7712,3856,3856,3856.0,1,1,1,0.01133310000000165,0.0754001000000244,0,14,15,15,14,3
Data_NA_Kiama,5,47686,5,3,21911,10956,11286.0,11286.0,1,1,0,0.040799900000024536,0.10783389999994597,0,22,26,23,24,3
Data_NA_Kiama,5,47686,5,4,14611,7306,7720.0,7720.0,1,1,0,0.015003699999965647,0.07618790000003628,0,16,18,17,15,3
Data_NA_Kogarah,6,46421,6,0,18576,9288,9487.0,9487.0,1,1,0,0.33090149999998175,0.4739918000000216,0,73,107,74,89,8
Data_NA_Kogarah,6,46421,6,1,19233,9617,9524.0,9524.0,1,1,0,0.13652539999998226,0.21721600000000763,0,42,49,43,43,2
Data_NA_Kogarah,6,46421,6,2,5564,2782,2782,2782.0,1,1,1,0.054489500000045155,0.2306449000000157,0,36,37,37,36,6
Data_NA_Kogarah,6,46421,6,3,20796,10398,11296.0,11296.0,1,1,0,0.5472588000000087,1.3402183000000605,0,169,209,170,189,32
Data_NA_Kogarah,6,46421,6,4,21408,10704,11370.0,11370.0,1,1,0,0.5519408000000112,1.3002200000000812,0,169,209,170,194,32
Data_NA_Kogarah,6,46421,6,5,0,0,0,0.0,1,1,1,0.007882399999971312,0.05374240000003283,0,15,1,16,0,1
Data_NA_Ku-ring-gai,5,48436,5,0,31471,15736,15736,15736.0,1,1,1,0.014120499999989988,0.2207951000000321,0,41,42,42,41,9
Data_NA_Ku-ring-gai,5,48436,5,1,32728,16364,16364,16364.0,1,1,1,0.01459439999996448,0.23676229999989573,0,41,42,42,41,9
Data_NA_Ku-ring-gai,5,48436,5,2,0,0,0,0.0,1,1,1,0.0014216000000715212,0.0352867999999944,0,10,1,11,0,1
Data_NA_Ku-ring-gai,5,48436,5,3,20122,10061,10061,10061.0,1,1,1,0.04897029999995084,0.09627499999999145,0,18,19,19,18,5
Data_NA_Ku-ring-gai,5,48436,5,4,21116,10558,10558,10558.0,1,1,1,0.015489000000002306,0.06216919999997117,0,14,15,15,14,3
Data_NA_Lakemba,5,44728,5,0,0,0,0,0.0,1,1,1,0.0014873000000079628,0.0366350000000466,0,10,1,11,0,1
Data_NA_Lakemba,5,44728,5,1,22840,11420,11420,11420.0,1,1,1,0.037065699999971,0.14452550000009978,0,27,29,28,28,4
Data_NA_Lakemba,5,44728,5,2,16470,8235,8235,8235.0,1,1,1,0.010565400000018599,0.06932730000005449,0,16,17,17,16,3
Data_NA_Lakemba,5,44728,5,3,20660,10330,10330,10330.0,1,1,1,0.0186977000000752,0.09537309999996069,0,20,21,21,20,4
Data_NA_Lakemba,5,44728,5,4,26224,13112,13112,13112.0,1,1,1,0.0252123999999867,0.24766900000008718,0,44,45,45,44,10
Data_NA_Lake_Macquarie,7,47698,7,0,18842,9421,9498.0,9498.0,1,1,0,2.510726800000043,2.788120899999967,0,212,337,213,302,21
Data_NA_Lake_Macquarie,7,47698,7,1,0,0,0,0.0,1,1,1,0.028345199999989745,0.16746069999999236,0,21,1,22,0,1
Data_NA_Lake_Macquarie,7,47698,7,2,19069,9535,6573,6573.0,1,1,0,0.16951010000002498,0.6235196000000087,0,45,46,46,45,7
Data_NA_Lake_Macquarie,7,47698,7,3,8506,4253,4253,4253.0,1,1,1,0.4364245999998957,1.3779297999999471,0,105,130,106,129,11
Data_NA_Lake_Macquarie,7,47698,7,4,28227,14114,11273.0,11273.0,1,1,0,2.5169468999999935,6.781410899999969,0,473,619,474,596,45
Data_NA_Lake_Macquarie,7,47698,7,5,28277,14139,11786.0,11786.0,1,1,0,2.5439726000000746,7.6814862999999605,0,511,668,512,591,51
Data_NA_Lake_Macquarie,7,47698,7,6,21259,10630,10630,10630.0,1,1,1,1.4416813999999931,6.4778583999999455,0,472,552,473,551,41
Data_NA_Lane_Cove,6,48622,6,0,29470,14735,14220,14220.0,1,1,0,0.17214720000004036,1.1307292000000189,0,139,140,140,139,27
Data_NA_Lane_Cove,6,48622,6,1,21289,10645,10645,10645.0,1,1,1,0.3067394999999351,0.26031510000007074,0,38,65,39,64,5
Data_NA_Lane_Cove,6,48622,6,2,27383,13692,13692,13692.0,1,1,1,0.3755208999999695,1.203901999999971,0,155,178,156,177,27
Data_NA_Lane_Cove,6,48622,6,3,16986,8493,8493,8493.0,1,1,1,0.37442689999988943,0.341353599999934,0,45,64,46,63,8
Data_NA_Lane_Cove,6,48622,6,4,0,0,0,0.0,1,1,1,0.008550700000000688,0.05739419999997608,0,15,1,16,0,1
Data_NA_Lane_Cove,6,48622,6,5,15479,7740,7740,7740.0,1,1,1,0.11180639999997766,0.3014001000000235,0,39,42,40,41,7
Data_NA_Lismore,6,47046,6,0,2345,1173,1173,1173.0,1,1,1,0.034620799999970586,0.1540273000000525,0,19,20,20,19,3
Data_NA_Lismore,6,47046,6,1,17698,8849,9220.0,9220.0,1,1,0,0.15618829999993977,0.29259970000009616,0,46,49,47,48,4
Data_NA_Lismore,6,47046,6,2,0,0,0,0.0,1,1,1,0.0074799999999868305,0.06113020000009328,0,15,1,16,0,1
Data_NA_Lismore,6,47046,6,3,417,209,209,209.0,1,1,1,0.03621620000001258,0.07521020000001499,0,15,16,16,15,1
Data_NA_Lismore,6,47046,6,4,16881,8441,8752.0,8752.0,1,1,0,0.11593019999997978,0.2317444999999907,0,39,43,40,39,3
Data_NA_Lismore,6,47046,6,5,17299,8650,8987.0,8987.0,1,1,0,0.20112879999999222,0.3598610000000235,0,54,64,55,57,5
Data_NA_Liverpool,5,45291,5,0,24525,12263,12263,12263.0,1,1,1,0.021664200000031997,0.08440389999998388,0,16,18,17,17,2
Data_NA_Liverpool,5,45291,5,1,16989,8495,8495,8495.0,1,1,1,0.01141660000007505,0.05552019999993263,0,13,14,14,13,2
Data_NA_Liverpool,5,45291,5,2,25910,12955,12955,12955.0,1,1,1,0.015026700000021265,0.205186299999923,0,39,41,40,40,7
Data_NA_Liverpool,5,45291,5,3,0,0,0,0.0,1,1,1,0.0014885000000504078,0.030793300000027557,0,10,1,11,0,1
Data_NA_Liverpool,5,45291,5,4,27286,13643,13643,13643.0,1,1,1,0.018568300000083582,0.2097683000000643,0,40,41,41,40,8
Data_NA_Londonderry,5,45928,5,0,21354,10677,10825,10825.0,1,1,0,0.04770050000001902,0.16942619999997532,0,34,41,35,40,4
Data_NA_Londonderry,5,45928,5,1,0,0,0,0.0,1,1,1,0.00146940000001905,0.04728799999998046,0,12,1,13,0,1
Data_NA_Londonderry,5,45928,5,2,22284,11142,10705,10705.0,1,1,0,0.012747199999921577,0.11037769999995817,0,24,25,25,24,1
Data_NA_Londonderry,5,45928,5,3,7472,3736,3736,3736.0,1,1,1,0.009514200000012352,0.06518889999995281,0,14,15,15,14,3
Data_NA_Londonderry,5,45928,5,4,22716,11358,11312,11312.0,1,1,0,0.013159800000039468,0.20520759999999427,0,34,35,35,34,7
Data_NA_Macquarie_Fields,7,47183,7,0,22565,11283,11472,11472.0,1,1,0,1.9844173000000183,3.8209231999999247,0,278,404,279,343,31
Data_NA_Macquarie_Fields,7,47183,7,1,7037,3519,3519,3519.0,1,1,1,0.41055210000001807,2.191724200000067,0,144,145,145,144,26
Data_NA_Macquarie_Fields,7,47183,7,2,0,0,0,0.0,1,1,1,0.02681700000005094,0.1709654999999657,0,21,1,22,0,1
Data_NA_Macquarie_Fields,7,47183,7,3,25203,12602,12178,12178.0,1,1,0,1.4247853999999052,7.330440500000009,0,517,572,518,571,56
Data_NA_Macquarie_Fields,7,47183,7,4,24510,12255,12272.0,12272.0,1,1,0,3.9395836999999574,9.424238500000001,0,638,897,639,724,76
Data_NA_Macquarie_Fields,7,47183,7,5,23655,11828,11174,11174.0,1,1,0,0.28681570000003376,0.7768652999999404,0,74,77,75,76,5
Data_NA_Macquarie_Fields,7,47183,7,6,23418,11709,11582,11582.0,1,1,0,0.6996302999999671,2.343205199999943,0,217,230,218,229,6
Data_NA_Maitland,6,47826,6,0,8023,4012,4012,4012.0,1,1,1,0.03642179999997097,0.12384179999992284,0,21,22,22,21,3
Data_NA_Maitland,6,47826,6,1,0,0,0,0.0,1,1,1,0.011003599999980906,0.0508898999999019,0,15,1,16,0,1
Data_NA_Maitland,6,47826,6,2,10892,5446,5446,5446.0,1,1,1,0.06192650000002686,0.21976229999995667,0,38,39,39,38,4
Data_NA_Maitland,6,47826,6,3,20403,10202,8803,8803.0,1,1,0,0.1298333999999386,0.22104300000000876,0,35,42,36,41,5
Data_NA_Maitland,6,47826,6,4,23774,11887,10328.0,10328.0,1,1,0,0.15003500000000258,0.8237802000001011,0,114,129,115,128,18
Data_NA_Maitland,6,47826,6,5,23854,11927,10328.0,10328.0,1,1,0,0.2404374000000189,0.8440250999999535,0,114,144,115,143,17
Data_NA_Manly,5,47287,5,0,0,0,0,0.0,1,1,1,0.0012811000000283457,0.029079499999966174,0,10,1,11,0,1
Data_NA_Manly,5,47287,5,1,21612,10806,10806,10806.0,1,1,1,0.016139899999984664,0.09456930000010288,0,17,18,18,17,4
Data_NA_Manly,5,47287,5,2,24212,12106,12106,12106.0,1,1,1,0.025941699999975754,0.08622700000000805,0,18,19,19,18,5
Data_NA_Manly,5,47287,5,3,31533,15767,15767,15767.0,1,1,1,0.02077340000005279,0.119915600000013,0,25,26,26,25,3
Data_NA_Manly,5,47287,5,4,33679,16840,16840,16840.0,1,1,1,0.019595500000036736,0.2356991999999991,0,43,44,44,43,9
Data_NA_Maroubra,5,46492,5,0,0,0,0,0.0,1,1,1,0.0014337000000068656,0.027416400000106478,0,10,1,11,0,1
Data_NA_Maroubra,5,46492,5,1,21090,10545,10158,10158.0,1,1,0,0.01718750000009095,0.04497059999994235,0,11,12,12,11,2
Data_NA_Maroubra,5,46492,5,2,25299,12650,12480,12480.0,1,1,0,0.014092399999981353,0.19329340000001594,0,35,36,36,35,8
Data_NA_Maroubra,5,46492,5,3,9433,4717,4717,4717.0,1,1,1,0.010014599999976781,0.09031620000007479,0,16,17,17,16,3
Data_NA_Maroubra,5,46492,5,4,25792,12896,13094.0,13094.0,1,1,0,0.06496169999991253,0.2386736999999357,0,43,51,44,50,9
Data_NA_Miranda,6,49454,6,0,22640,11320,11370.0,11370.0,1,1,0,0.34464070000001357,0.24322509999990416,0,39,70,40,69,4
Data_NA_Miranda,6,49454,6,1,19284,9642,9802.0,9802.0,1,1,0,0.267949900000076,0.3218689999999924,0,45,70,46,63,8
Data_NA_Miranda,6,49454,6,2,23090,11545,12087.0,12087.0,1,1,0,0.3827732999999398,0.24945189999994,0,39,70,40,69,4
Data_NA_Miranda,6,49454,6,3,11762,5881,5881,5881.0,1,1,1,0.0435327000000143,0.2238191999999799,0,36,37,37,36,6
Data_NA_Miranda,6,49454,6,4,21008,10504,11526.0,11526.0,1,1,0,0.39086409999993066,0.2798470999999836,0,43,70,44,69,6
Data_NA_Miranda,6,49454,6,5,0,0,0,0.0,1,1,1,0.00743950000003224,0.05240040000001045,0,15,1,16,0,1
Data_NA_Monaro,5,46202,5,0,2243,1122,1122,1122.0,1,1,1,0.008413000000018656,0.05564530000003742,0,11,12,12,11,2
Data_NA_Monaro,5,46202,5,1,15175,7588,8927.0,8927.0,1,1,0,0.014127300000041032,0.05155000000002019,0,11,12,12,11,2
Data_NA_Monaro,5,46202,5,2,0,0,0,0.0,1,1,1,0.0013399999999137435,0.03961709999998675,0,10,1,11,0,1
Data_NA_Monaro,5,46202,5,3,29513,14757,13500.0,13500.0,1,1,0,0.04108659999997144,0.18495889999996962,0,32,35,33,32,5
Data_NA_Monaro,5,46202,5,4,27248,13624,13316.0,13316.0,1,1,0,0.031467600000041784,0.17112780000002203,0,32,35,33,32,5
Data_NA_Mount_Druitt,5,44948,5,0,0,0,0,0.0,1,1,1,0.0015498999999863372,0.020447800000056304,0,10,1,11,0,1
Data_NA_Mount_Druitt,5,44948,5,1,24702,12351,12351,12351.0,1,1,1,0.052162100000032297,0.23576249999996435,0,43,46,44,45,9
Data_NA_Mount_Druitt,5,44948,5,2,12686,6343,6343,6343.0,1,1,1,0.009783500000025924,0.08265540000002147,0,16,17,17,16,3
Data_NA_Mount_Druitt,5,44948,5,3,24322,12161,11882,11882.0,1,1,0,0.012701100000072074,0.16204589999995278,0,29,30,30,29,2
Data_NA_Mount_Druitt,5,44948,5,4,24048,12024,12024,12024.0,1,1,1,0.034009900000000926,0.21489740000004076,0,43,46,44,45,9
Data_NA_Mulgoa,5,48257,5,0,8671,4336,4336,4336.0,1,1,1,0.008928900000000795,0.06597219999991921,0,13,14,14,13,2
Data_NA_Mulgoa,5,48257,5,1,21496,10748,11456.0,11456.0,1,1,0,0.04140210000002753,0.11492989999999281,0,23,26,24,23,4
Data_NA_Mulgoa,5,48257,5,2,20432,10216,11298.0,11298.0,1,1,0,0.04140710000001491,0.09550450000006094,0,20,23,21,21,4
Data_NA_Mulgoa,5,48257,5,3,0,0,0,0.0,1,1,1,0.0014325000000781074,0.04341640000006919,0,10,1,11,0,1
Data_NA_Mulgoa,5,48257,5,4,26620,13310,12849.0,12849.0,1,1,0,0.044532399999980044,0.17138230000000476,0,34,36,35,35,7
Data_NA_Murray,8,46387,8,0,24194,12097,12097,12097.0,1,1,1,4.218438999999989,9.333932000000004,0,383,728,384,727,26
Data_NA_Murray,8,46387,8,1,18966,9483,9483,9483.0,1,1,1,3.2515622000000803,12.645284999999944,0,464,670,465,669,50
Data_NA_Murray,8,46387,8,2,25552,12776,12776,12776.0,1,1,1,19.041023699999982,146.41699489999996,0,4208,4570,4209,4569,737
Data_NA_Murray,8,46387,8,3,25932,12966,12966,12966.0,1,1,1,20.701536799999985,149.5463420000001,0,4225,4570,4226,4569,744
Data_NA_Murray,8,46387,8,4,0,0,0,0.0,1,1,1,0.07065650000004098,0.48769339999989825,0,28,1,29,0,1
Data_NA_Murray,8,46387,8,5,17147,8574,8574,8574.0,1,1,1,3.4169996999999057,13.129642900000135,0,457,663,458,662,49
Data_NA_Murray,8,46387,8,6,27896,13948,13948,13948.0,1,1,1,21.52969230000008,149.97553100000005,0,4257,4571,4258,4570,742
Data_NA_Murray,8,46387,8,7,27019,13510,13510,13510.0,1,1,1,18.26027440000007,149.28466890000004,0,4273,4571,4274,4570,742
Data_NA_Myall_Lakes,6,48252,6,0,19835,9918,10450.0,10450.0,1,1,0,0.3787100999998074,0.3503603000001476,0,53,82,54,79,6
Data_NA_Myall_Lakes,6,48252,6,1,15806,7903,8194.0,8194.0,1,1,0,0.22704179999982443,0.3174109999999928,0,47,68,48,67,6
Data_NA_Myall_Lakes,6,48252,6,2,9894,4947,5009.0,5009.0,1,1,0,0.09260949999998047,0.09822809999991478,0,18,25,19,24,2
Data_NA_Myall_Lakes,6,48252,6,3,19198,9599,10547.0,10547.0,1,1,0,0.36663100000009763,0.3575307999999495,0,51,78,52,76,8
Data_NA_Myall_Lakes,6,48252,6,4,7253,3627,3627,3627.0,1,1,1,0.0552136999999675,0.21737710000002153,0,31,37,32,36,3
Data_NA_Myall_Lakes,6,48252,6,5,0,0,0,0.0,1,1,1,0.00800200000003315,0.05686139999988882,0,15,1,16,0,1
Data_NA_Newcastle,7,48136,7,0,9864,4932,5105,5105.0,1,1,0,0.877044000000069,0.5959431999999651,0,47,112,48,111,6
Data_NA_Newcastle,7,48136,7,1,23030,11515,11967.0,11967.0,1,1,0,4.975171600000067,8.21984139999995,0,570,985,571,725,49
Data_NA_Newcastle,7,48136,7,2,22518,11259,11264.0,11264.0,1,1,0,3.8811315000000377,6.8236451999998735,0,521,865,522,646,40
Data_NA_Newcastle,7,48136,7,3,6264,3132,3132,3132.0,1,1,1,0.14985969999997906,0.6530826000000616,0,51,52,52,51,8
Data_NA_Newcastle,7,48136,7,4,21395,10698,10678.0,10678.0,1,1,0,1.2724746000001232,4.759352599999829,0,370,458,371,377,26
Data_NA_Newcastle,7,48136,7,5,19935,9968,10313.0,10313.0,1,1,0,3.292694900000015,6.469031000000086,0,490,706,491,589,39
Data_NA_Newcastle,7,48136,7,6,0,0,0,0.0,1,1,1,0.03838980000000447,0.253668800000014,0,24,1,25,0,1
Data_NA_Newtown,7,45392,7,0,0,0,0,0.0,1,1,1,0.030252000000018597,0.14625219999993533,0,21,1,22,0,1
Data_NA_Newtown,7,45392,7,1,27199,13600,10100,10100.0,1,1,0,0.9420881999999438,3.2719829999998638,0,293,310,294,309,5
Data_NA_Newtown,7,45392,7,2,26830,13415,10000,10000.0,1,1,0,0.7556799999999839,2.023869599999898,0,198,214,199,213,6
Data_NA_Newtown,7,45392,7,3,19722,9861,9032,9032.0,1,1,0,0.1471059000000423,0.6806754999997793,0,51,52,52,51,8
Data_NA_Newtown,7,45392,7,4,28108,14054,13110,13110.0,1,1,0,0.9890437999999904,4.7635851,0,376,398,377,397,22
Data_NA_Newtown,7,45392,7,5,28701,14351,13732,13732.0,1,1,0,1.8539045999998507,5.460309600000073,0,398,497,399,496,29
Data_NA_Newtown,7,45392,7,6,7072,3536,3536,3536.0,1,1,1,0.14652890000002117,0.5847273999997924,0,47,48,48,47,7
Data_NA_Northern_Tablelands,6,48340,6,0,32455,16228,16228,16228.0,1,1,1,0.17459000000008018,1.304635400000052,0,162,166,163,165,30
Data_NA_Northern_Tablelands,6,48340,6,1,26694,13347,13347,13347.0,1,1,1,0.1206025999999838,0.32323859999996785,0,41,43,42,42,9
Data_NA_Northern_Tablelands,6,48340,6,2,32562,16281,16281,16281.0,1,1,1,0.2003405999998904,1.2188466000000062,0,154,162,155,161,28
Data_NA_Northern_Tablelands,6,48340,6,3,0,0,0,0.0,1,1,1,0.008043199999974604,0.06265940000002956,0,15,1,16,0,1
Data_NA_Northern_Tablelands,6,48340,6,4,28166,14083,14083,14083.0,1,1,1,0.1157261999999264,0.28835049999997864,0,42,46,43,45,6
Data_NA_Northern_Tablelands,6,48340,6,5,23938,11969,11969,11969.0,1,1,1,0.058893699999998717,0.21792669999990721,0,35,37,36,36,5
Data_NA_North_Shore,7,46247,7,0,24226,12113,12113,12113.0,1,1,1,0.4004735000000892,1.4101177000000007,0,96,141,97,140,12
Data_NA_North_Shore,7,46247,7,1,17034,8517,8517,8517.0,1,1,1,0.32914000000005217,1.6053756000001158,0,119,136,120,135,16
Data_NA_North_Shore,7,46247,7,2,17596,8798,8798,8798.0,1,1,1,0.3269818999999643,1.5949027000001479,0,119,137,120,136,16
Data_NA_North_Shore,7,46247,7,3,18001,9001,9001,9001.0,1,1,1,0.3166842999999062,1.5075420000000577,0,115,136,116,135,12
Data_NA_North_Shore,7,46247,7,4,28127,14064,14064,14064.0,1,1,1,1.4441251000000648,11.789660700000013,0,769,781,770,780,137
Data_NA_North_Shore,7,46247,7,5,0,0,0,0.0,1,1,1,0.03179899999986446,0.18285199999991164,0,26,1,27,0,1
Data_NA_North_Shore,7,46247,7,6,29875,14938,14913,14913.0,1,1,0,1.3169451000001118,10.799820999999838,0,674,683,675,682,122
Data_NA_Oatley,5,48119,5,0,0,0,0,0.0,1,1,1,0.005075100000112798,0.027540799999997034,0,10,1,11,0,1
Data_NA_Oatley,5,48119,5,1,19260,9630,11613.0,11613.0,1,1,0,0.040207399999871996,0.13654440000004797,0,26,29,27,21,3
Data_NA_Oatley,5,48119,5,2,15012,7506,9189.0,9189.0,1,1,0,0.015466699999933553,0.07527660000005199,0,16,18,17,13,3
Data_NA_Oatley,5,48119,5,3,6011,3006,3006,3006.0,1,1,1,0.015964700000040466,0.08574049999992894,0,17,18,18,17,4
Data_NA_Oatley,5,48119,5,4,27631,13816,12977.0,12977.0,1,1,0,0.031021700000110286,0.22544940000011593,0,37,40,38,31,8
Data_NA_Orange,5,48784,5,0,20095,10048,10048,10048.0,1,1,1,0.013448199999857025,0.05873919999999089,0,13,14,14,13,2
Data_NA_Orange,5,48784,5,1,26482,13241,13241,13241.0,1,1,1,0.014670699999896897,0.08810509999989335,0,16,15,17,14,3
Data_NA_Orange,5,48784,5,2,30379,15190,15190,15190.0,1,1,1,0.017586700000038036,0.09960030000002007,0,19,21,20,20,2
Data_NA_Orange,5,48784,5,3,0,0,0,0.0,1,1,1,0.0013806000001750363,0.041164499999922555,0,10,1,11,0,1
Data_NA_Orange,5,48784,5,4,30115,15058,15058,15058.0,1,1,1,0.020164399999885063,0.08039889999986372,0,16,18,17,17,2
Data_NA_Oxley,5,46514,5,0,0,0,0,0.0,1,1,1,0.0014184999999997672,0.03213069999992513,0,10,1,11,0,1
Data_NA_Oxley,5,46514,5,1,21000,10500,10801.0,10801.0,1,1,0,0.044777100000146675,0.07754420000014761,0,16,20,17,19,3
Data_NA_Oxley,5,46514,5,2,9182,4591,4591,4591.0,1,1,1,0.010129300000016883,0.0948432000000139,0,16,17,17,16,3
Data_NA_Oxley,5,46514,5,3,19382,9691,10491.0,10491.0,1,1,0,0.04004039999995257,0.0716578000001391,0,15,20,16,19,2
Data_NA_Oxley,5,46514,5,4,14411,7206,7206,7206.0,1,1,1,0.015752700000120967,0.0855908000000909,0,16,19,17,18,3
Data_NA_Parramatta,7,47447,7,0,24295,12148,12223.0,12223.0,1,1,0,3.9971283999998377,2.0076934999999594,0,148,350,149,349,15
Data_NA_Parramatta,7,47447,7,1,23664,11832,11932.0,11932.0,1,1,0,3.896091100000149,1.8745422000001781,0,145,350,146,347,14
Data_NA_Parramatta,7,47447,7,2,0,0,0,0.0,1,1,1,0.025821200000109457,0.16248400000017682,0,21,1,22,0,1
Data_NA_Parramatta,7,47447,7,3,23800,11900,11900,11900.0,1,1,1,0.6174359000001459,1.1540147000000616,0,110,182,111,181,5
Data_NA_Parramatta,7,47447,7,4,18605,9303,9303,9303.0,1,1,1,0.31496800000013536,1.1111662999999226,0,88,134,89,133,8
Data_NA_Parramatta,7,47447,7,5,11017,5509,5509,5509.0,1,1,1,0.48587750000001506,1.737540699999954,0,127,141,128,140,18
Data_NA_Parramatta,7,47447,7,6,21141,10571,10918.0,10918.0,1,1,0,3.6278959999999643,2.0341369999998733,0,142,326,143,325,18
Data_NA_Penrith,8,47577,8,0,20263,10132,11705.0,11705.0,1,1,0,42.48234350000007,106.52917150000007,0,3583,4889,3584,3114,504
Data_NA_Penrith,8,47577,8,1,15511,7756,9339.999999999998,9340.0,0,1,0,11.770156799999995,23.9631009000002,0,799,1124,800,861,144
Data_NA_Penrith,8,47577,8,2,14098,7049,8285.0,8285.0,1,1,0,11.719389500000034,22.384691499999917,0,769,1054,770,731,120
Data_NA_Penrith,8,47577,8,3,21174,10587,12259.0,12259.0,1,1,0,67.60194430000001,125.98627459999989,0,4071,5824,4072,4160,601
Data_NA_Penrith,8,47577,8,4,19793,9897,10845.0,10845.0,1,1,0,37.17794849999996,94.01022990000001,0,3266,4471,3267,2759,401
Data_NA_Penrith,8,47577,8,5,0,0,0,0.0,1,1,1,0.061399299999720824,0.38790030000018305,0,28,1,29,0,1
Data_NA_Penrith,8,47577,8,6,5151,2576,2576,2576.0,1,1,1,2.365831700000399,7.720354900000075,0,338,643,339,642,24
Data_NA_Penrith,8,47577,8,7,22308,11154,12546.0,12546.0,1,1,0,68.38451450000002,141.38234969999985,0,4269,6006,4270,5265,711
Data_NA_Pittwater,5,48345,5,0,33598,16799,16799,16799.0,1,1,1,0.032459600000038336,0.2157558999997491,0,40,41,41,40,8
Data_NA_Pittwater,5,48345,5,1,31737,15869,15869,15869.0,1,1,1,0.011360799999692972,0.12401169999975536,0,22,23,23,22,2
Data_NA_Pittwater,5,48345,5,2,22859,11430,11430,11430.0,1,1,1,0.009221300000263,0.05895109999983106,0,13,14,14,13,2
Data_NA_Pittwater,5,48345,5,3,24362,12181,12181,12181.0,1,1,1,0.016033400000196707,0.07224849999965954,0,14,15,15,14,3
Data_NA_Pittwater,5,48345,5,4,0,0,0,0.0,1,1,1,0.0013678999998774088,0.03300889999991341,0,10,1,11,0,1
Data_NA_Port_Macquarie,5,49231,5,0,27454,13727,13728.0,13728.0,1,1,0,0.04145620000008421,0.11189310000008845,0,19,23,20,22,3
Data_NA_Port_Macquarie,5,49231,5,1,0,0,0,0.0,1,1,1,0.0013227999997980078,0.03951139999981024,0,10,1,11,0,1
Data_NA_Port_Macquarie,5,49231,5,2,26770,13385,13386.0,13386.0,1,1,0,0.048343999999815424,0.10584660000040458,0,19,23,20,22,3
Data_NA_Port_Macquarie,5,49231,5,3,17430,8715,8715,8715.0,1,1,1,0.015630999999757478,0.07193250000000262,0,14,15,15,14,3
Data_NA_Port_Macquarie,5,49231,5,4,22813,11407,11407,11407.0,1,1,1,0.022169899999880727,0.07605650000004971,0,16,18,17,17,3
Data_NA_Port_Stephens,5,47037,5,0,21727,10864,10980,10980.0,1,1,0,0.02594809999982317,0.21519110000008368,0,40,46,41,44,6
Data_NA_Port_Stephens,5,47037,5,1,22002,11001,11118,11118.0,1,1,0,0.028325299999778508,0.2168309000003319,0,40,46,41,44,6
Data_NA_Port_Stephens,5,47037,5,2,0,0,0,0.0,1,1,1,0.0013798999998471118,0.016481799999837676,0,10,1,11,0,1
Data_NA_Port_Stephens,5,47037,5,3,4176,2088,2088,2088.0,1,1,1,0.009130099999765662,0.06488450000006196,0,13,14,14,13,2
Data_NA_Port_Stephens,5,47037,5,4,20054,10027,9665,9665.0,1,1,0,0.00975170000037906,0.08569699999998193,0,16,17,17,16,1
Data_NA_Prospect,5,47195,5,0,19412,9706,9092,9092.0,1,1,0,0.02563700000018798,0.09682229999998526,0,18,19,19,18,2
Data_NA_Prospect,5,47195,5,1,2916,1458,1458,1458.0,1,1,1,0.009550600000238774,0.06727390000014566,0,14,15,15,14,3
Data_NA_Prospect,5,47195,5,2,0,0,0,0.0,1,1,1,0.0015366999996331288,0.036261799999920186,0,12,1,13,0,1
Data_NA_Prospect,5,47195,5,3,22105,11053,10670.0,10670.0,1,1,0,0.01988970000002155,0.1671769999998105,0,32,34,33,33,5
Data_NA_Prospect,5,47195,5,4,17485,8743,9396,9396.0,1,1,0,0.023312299999815878,0.13527959999964878,0,26,31,27,25,3
Data_NA_Riverstone,5,46945,5,0,24545,12273,11780,11780.0,1,1,0,0.013470800000050076,0.10616769999978715,0,20,21,21,20,1
Data_NA_Riverstone,5,46945,5,1,22685,11343,11343,11343.0,1,1,1,0.009070199999769102,0.053696599999966566,0,12,14,13,13,1
Data_NA_Riverstone,5,46945,5,2,10648,5324,5324,5324.0,1,1,1,0.008759199999985867,0.06458440000005794,0,13,14,14,13,2
Data_NA_Riverstone,5,46945,5,3,0,0,0,0.0,1,1,1,0.00523639999983061,0.047755900000083784,0,12,1,13,0,1
Data_NA_Riverstone,5,46945,5,4,25939,12970,12726,12726.0,1,1,0,0.012988700000278186,0.18439280000029612,0,34,35,35,34,7
Data_NA_Rockdale,6,46240,6,0,4008,2004,2004,2004.0,1,1,1,0.04933310000023994,0.22802469999987807,0,36,37,37,36,6
Data_NA_Rockdale,6,46240,6,1,21273,10637,11852.0,11852.0,1,1,0,0.3509362999998302,1.0898961999996573,0,149,185,150,160,20
Data_NA_Rockdale,6,46240,6,2,20755,10378,11870.0,11870.0,1,1,0,0.3590398000001187,1.1161775999999008,0,155,191,156,162,22
Data_NA_Rockdale,6,46240,6,3,18528,9264,9309.0,9309.0,1,1,0,0.21570870000005016,0.36628979999977673,0,53,75,54,59,8
Data_NA_Rockdale,6,46240,6,4,0,0,0,0.0,1,1,1,0.007751600000119652,0.06711290000021108,0,15,1,16,0,1
Data_NA_Rockdale,6,46240,6,5,22258,11129,11886.0,11886.0,1,1,0,0.33437670000012076,1.1021633000000293,0,155,191,156,160,22
Data_NA_Ryde,5,48286,5,0,10305,5153,5153,5153.0,1,1,1,0.014844299999822397,0.08123849999992672,0,16,17,17,16,3
Data_NA_Ryde,5,48286,5,1,0,0,0,0.0,1,1,1,0.0014977999999246094,0.037013999999999214,0,10,1,11,0,1
Data_NA_Ryde,5,48286,5,2,24139,12070,12070,12070.0,1,1,1,0.012962100000095234,0.08437770000000455,0,16,18,17,17,2
Data_NA_Ryde,5,48286,5,3,25167,12584,12147,12147.0,1,1,0,0.011716400000295835,0.1199906000001647,0,21,22,22,21,2
Data_NA_Ryde,5,48286,5,4,17474,8737,8737,8737.0,1,1,1,0.009173700000246754,0.06663180000032298,0,13,15,14,14,2
Data_NA_Seven_Hills,7,47874,7,0,17110,8555,9308.0,9308.0,1,1,0,1.695360300000175,2.6119610999999168,0,166,260,167,219,30
Data_NA_Seven_Hills,7,47874,7,1,24965,12483,12422.0,12422.0,1,1,0,2.069711499999812,10.82314690000021,0,662,698,663,635,117
Data_NA_Seven_Hills,7,47874,7,2,0,0,0,0.0,1,1,1,0.037330999999994674,0.17041359999984707,0,21,1,22,0,1
Data_NA_Seven_Hills,7,47874,7,3,20694,10347,10922.0,10922.0,1,1,0,2.3982700999999906,3.279080899999826,0,250,375,251,297,27
Data_NA_Seven_Hills,7,47874,7,4,19693,9847,11217.0,11217.0,1,1,0,3.001734299999953,4.779909000000316,0,357,489,358,339,28
Data_NA_Seven_Hills,7,47874,7,5,7548,3774,3774,3773.9999999999995,0,1,0,0.3377798999999868,1.25184309999986,0,97,139,98,138,10
Data_NA_Seven_Hills,7,47874,7,6,20032,10016,11224.0,11224.0,1,1,0,3.0928232000001117,4.92736479999985,0,376,513,377,393,27
Data_NA_Shellharbour,7,50995,7,0,22592,11296,11296,11296.0,1,1,1,0.6366508999999496,1.257711599999766,0,103,166,104,165,10
Data_NA_Shellharbour,7,50995,7,1,27340,13670,13670,13670.0,1,1,1,2.036132799999905,11.547351599999729,0,737,801,738,800,127
Data_NA_Shellharbour,7,50995,7,2,0,0,0,0.0,1,1,1,0.026496899999983725,0.16425230000004376,0,21,1,22,0,1
Data_NA_Shellharbour,7,50995,7,3,24857,12429,12429,12429.0,1,1,1,0.595261599999958,1.4957515000000967,0,144,201,145,200,6
Data_NA_Shellharbour,7,50995,7,4,24283,12142,12142,12142.0,1,1,1,0.5137463000000935,1.219158200000038,0,108,164,109,163,7
Data_NA_Shellharbour,7,50995,7,5,15037,7519,7519,7519.0,1,1,1,0.34034040000005916,2.0527224000002207,0,138,139,139,138,25
Data_NA_Shellharbour,7,50995,7,6,27382,13691,13691,13691.0,1,1,1,3.4024782999999843,12.928661400000237,0,803,878,804,877,146
Data_NA_South_Coast,5,45788,5,0,14245,7123,7123,7123.0,1,1,1,0.009395700000368379,0.06934339999997974,0,12,14,13,13,1
Data_NA_South_Coast,5,45788,5,1,22432,11216,11848.0,11848.0,1,1,0,0.04392740000002959,0.22632149999981266,0,42,47,43,32,8
Data_NA_South_Coast,5,45788,5,2,8107,4054,4054,4054.0,1,1,1,0.031285099999877275,0.05693629999996119,0,13,15,14,14,2
Data_NA_South_Coast,5,45788,5,3,0,0,0,0.0,1,1,1,0.0013936000000285276,0.03596739999966303,0,10,1,11,0,1
Data_NA_South_Coast,5,45788,5,4,24115,12058,12058,12058.0,1,1,1,0.05032179999989239,0.24264830000038273,0,42,50,43,43,8
Data_NA_Strathfield,5,46559,5,0,15590,7795,7804.0,7804.0,1,1,0,0.015380300000288116,0.050990100000035454,0,10,12,11,11,1
Data_NA_Strathfield,5,46559,5,1,21321,10661,10561.0,10561.0,1,1,0,0.01854959999991479,0.17659050000020216,0,29,31,30,30,4
Data_NA_Strathfield,5,46559,5,2,0,0,0,0.0,1,1,1,0.001832500000091386,0.03651179999997112,0,10,1,11,0,1
Data_NA_Strathfield,5,46559,5,3,20837,10419,10671.0,10671.0,1,1,0,0.03978159999996933,0.218650499999967,0,38,44,39,39,6
Data_NA_Strathfield,5,46559,5,4,1540,770,770,770.0,1,1,1,0.012690699999893695,0.060228299999835144,0,11,12,12,11,2
Data_NA_Summer_Hill,7,47073,7,0,0,0,0,0.0,1,1,1,0.022696699999869452,0.1419383000002199,0,21,1,22,0,1
Data_NA_Summer_Hill,7,47073,7,1,27456,13728,10244.0,10244.0,1,1,0,1.6135073999998895,3.624281599999904,0,317,449,318,311,14
Data_NA_Summer_Hill,7,47073,7,2,7708,3854,3854,3854.0,1,1,1,0.13062510000008842,0.5406947999999829,0,45,46,46,45,7
Data_NA_Summer_Hill,7,47073,7,3,16426,8213,6194.0,6194.0,1,1,0,0.7066939999999704,0.6333093000002918,0,51,76,52,75,8
Data_NA_Summer_Hill,7,47073,7,4,26621,13311,10496.0,10496.0,1,1,0,0.622400899999775,2.7136508999997204,0,237,241,238,229,9
Data_NA_Summer_Hill,7,47073,7,5,28395,14198,10940.0,10940.0,1,1,0,0.6263895000001867,2.6320565999999417,0,220,241,221,229,9
Data_NA_Summer_Hill,7,47073,7,6,28039,14020,10939,10939.0,1,1,0,1.1049077000002399,2.92779419999988,0,270,346,271,320,9
Data_NA_Swansea,8,48200,8,0,21732,10866,10888.0,10888.0,1,1,0,59.179191900000205,139.46284019999985,0,4387,5870,4388,5869,702
Data_NA_Swansea,8,48200,8,1,9948,4974,4974,4974.0,1,1,1,2.283158299999741,10.29145460000018,0,423,659,424,658,42
Data_NA_Swansea,8,48200,8,2,20638,10319,10402.0,10402.0,1,1,0,49.63721209999994,36.65531460000011,0,1606,3052,1607,3035,52
Data_NA_Swansea,8,48200,8,3,20071,10036,10350.0,10350.0,1,1,0,47.66288519999989,35.32846720000043,0,1538,2980,1539,2716,56
Data_NA_Swansea,8,48200,8,4,22155,11078,11296,11296.0,1,1,0,60.26732720000018,140.10768529999996,0,4375,5999,4376,5998,714
Data_NA_Swansea,8,48200,8,5,14530,7265,7265,7265.0,1,1,1,2.274711500000194,8.314075700000103,0,345,482,346,481,26
Data_NA_Swansea,8,48200,8,6,0,0,0,0.0,1,1,1,0.055945300000075804,0.44241650000003574,0,31,1,32,0,1
Data_NA_Swansea,8,48200,8,7,20123,10062,9652,9652.0,1,1,0,1.8667113000001336,5.090750999999727,0,185,204,186,203,26
Data_NA_Sydney,8,42747,8,0,14075,7038,5583,5583.0,1,1,0,0.600757799999883,3.9173965999998472,0,165,174,166,173,22
Data_NA_Sydney,8,42747,8,1,0,0,0,0.0,1,1,1,0.04993319999994128,0.35313270000006014,0,28,1,29,0,1
Data_NA_Sydney,8,42747,8,2,22373,11187,10048.0,10048.0,1,1,0,18.606458900000234,49.76320570000007,0,2077,3036,2078,2816,164
Data_NA_Sydney,8,42747,8,3,5727,2864,2864,2864.0,1,1,1,0.917153800000051,4.272011200000179,0,182,215,183,214,20
Data_NA_Sydney,8,42747,8,4,23182,11591,10933.0,10933.0,1,1,0,22.031728400000247,52.929680499999904,0,2155,3541,2156,3128,173
Data_NA_Sydney,8,42747,8,5,16020,8010,6462,6462.0,1,1,0,0.6188898999998855,3.0151835000001483,0,143,168,144,167,14
Data_NA_Sydney,8,42747,8,6,21774,10887,9458,9458.0,1,1,0,8.011058200000207,45.5463764000001,0,1972,2479,1973,2478,135
Data_NA_Sydney,8,42747,8,7,23226,11613,10187.0,10187.0,1,1,0,18.631259799999953,48.69503970000005,0,2049,3160,2050,2876,152
Data_NA_Tamworth,7,49004,7,0,9285,4643,4643,4643.0,1,1,1,0.2987706999997499,1.768639400000211,0,129,136,130,135,18
Data_NA_Tamworth,7,49004,7,1,24907,12454,12541.0,12541.0,1,1,0,2.2388230000001386,2.7548007999998845,0,190,305,191,260,32
Data_NA_Tamworth,7,49004,7,2,26429,13215,13319.0,13319.0,1,1,0,4.232108600000174,5.725092300000142,0,423,578,424,551,30
Data_NA_Tamworth,7,49004,7,3,22566,11283,11283,11283.0,1,1,1,0.5349418000000696,2.1099034999997457,0,150,133,151,132,22
Data_NA_Tamworth,7,49004,7,4,26570,13285,13285,13285.0,1,1,1,1.3669282999999268,4.187650100000155,0,352,391,353,390,11
Data_NA_Tamworth,7,49004,7,5,0,0,0,0.0,1,1,1,0.02827800000022762,0.16740939999999682,0,21,1,22,0,1
Data_NA_Tamworth,7,49004,7,6,28190,14095,14095,14095.0,1,1,1,2.3411497000001873,6.048842100000002,0,445,606,446,589,38
Data_NA_Terrigal,5,48871,5,0,22549,11275,11631.0,11631.0,1,1,0,0.06333299999960218,0.10387889999992694,0,19,23,20,21,3
Data_NA_Terrigal,5,48871,5,1,0,0,0,0.0,1,1,1,0.0014038999997865176,0.03201779999972132,0,10,1,11,0,1
Data_NA_Terrigal,5,48871,5,2,8106,4053,4053,4053.0,1,1,1,0.01605680000011489,0.08320170000024518,0,14,15,15,14,3
Data_NA_Terrigal,5,48871,5,3,14214,7107,7609.0,7609.0,1,1,0,0.01556700000037381,0.07178529999964667,0,16,18,17,14,3
Data_NA_Terrigal,5,48871,5,4,21050,10525,11619.0,11619.0,1,1,0,0.04033290000006673,0.10807549999981347,0,18,23,19,21,2
Data_NA_The_Entrance,5,47953,5,0,341,171,171,171.0,1,1,1,0.009059399999841844,0.045572900000024674,0,10,11,11,10,1
Data_NA_The_Entrance,5,47953,5,1,20039,10020,10911.0,10911.0,1,1,0,0.030014500000106636,0.21350170000005164,0,38,44,39,40,6
Data_NA_The_Entrance,5,47953,5,2,15640,7820,7897.0,7897.0,1,1,0,0.015468000000055326,0.047508600000128354,0,10,12,11,11,1
Data_NA_The_Entrance,5,47953,5,3,0,0,0,0.0,1,1,1,0.0013793000002806366,0.039915100000143866,0,10,1,11,0,1
Data_NA_The_Entrance,5,47953,5,4,21018,10509,12216.0,12216.0,1,1,0,0.04728950000026089,0.2546151999999893,0,43,52,44,42,7
Data_NA_Tweed,5,44185,5,0,17076,8538,9305.0,9305.0,1,1,0,0.020825999999942724,0.07997320000004038,0,16,19,17,18,3
Data_NA_Tweed,5,44185,5,1,2581,1291,1291,1291.0,1,1,1,0.008464600000024802,0.041789999999764404,0,10,11,11,10,1
Data_NA_Tweed,5,44185,5,2,0,0,0,0.0,1,1,1,0.0014195999997355102,0.03704779999998209,0,10,1,11,0,1
Data_NA_Tweed,5,44185,5,3,17831,8916,10040.0,10040.0,1,1,0,0.0421915000001718,0.1618375000002743,0,31,34,32,24,3
Data_NA_Tweed,5,44185,5,4,10087,5044,5853.0,5853.0,1,1,0,0.014977400000134367,0.04834729999993215,0,10,12,11,11,1
Data_NA_Upper_Hunter,6,47296,6,0,6709,3355,3455.0,3455.0,1,1,0,0.09927400000015041,0.10382949999984703,0,18,25,19,24,2
Data_NA_Upper_Hunter,6,47296,6,1,17884,8942,10485.0,10485.0,1,1,0,0.5855983000001288,0.9094552000001386,0,136,199,137,178,15
Data_NA_Upper_Hunter,6,47296,6,2,18967,9484,10601.0,10601.0,1,1,0,0.6028642999999647,1.0282572999999502,0,139,205,140,172,16
Data_NA_Upper_Hunter,6,47296,6,3,15577,7789,8881.0,8881.0,1,1,0,0.3530735000003915,0.853169699999853,0,117,165,118,120,12
Data_NA_Upper_Hunter,6,47296,6,4,1732,866,866,866.0,1,1,1,0.03453209999997853,0.08499419999998281,0,17,18,18,17,1
Data_NA_Upper_Hunter,6,47296,6,5,0,0,0,0.0,1,1,1,0.0074010999996971805,0.05225140000038664,0,15,1,16,0,1
Data_NA_Vaucluse,5,46145,5,0,19566,9783,9783,9783.0,1,1,1,0.009538100000099803,0.06765769999992699,0,13,14,14,13,2
Data_NA_Vaucluse,5,46145,5,1,21162,10581,10581,10581.0,1,1,1,0.00959580000017013,0.06470559999979741,0,13,14,14,13,2
Data_NA_Vaucluse,5,46145,5,2,27810,13905,13905,13905.0,1,1,1,0.009335100000043894,0.050861799999893265,0,13,14,14,13,2
Data_NA_Vaucluse,5,46145,5,3,32969,16485,16485,16485.0,1,1,1,0.013800199999877805,0.20856699999967532,0,40,41,41,40,8
Data_NA_Vaucluse,5,46145,5,4,0,0,0,0.0,1,1,1,0.0013396999997894454,0.031224100000144972,0,10,1,11,0,1
Data_NA_Wagga_Wagga,6,46610,6,0,10950,5475,5475,5475.0,1,1,1,0.05622700000003533,0.24150700000018333,0,34,37,35,36,4
Data_NA_Wagga_Wagga,6,46610,6,1,23009,11505,11534.0,11534.0,1,1,0,0.38132329999962167,0.38455549999980576,0,53,78,54,77,8
Data_NA_Wagga_Wagga,6,46610,6,2,22531,11266,11266,11266.0,1,1,1,0.13133430000016233,0.22377759999972113,0,37,50,38,49,3
Data_NA_Wagga_Wagga,6,46610,6,3,16083,8042,8042,8042.0,1,1,1,0.08441450000009354,0.2102482999998756,0,31,40,32,39,3
Data_NA_Wagga_Wagga,6,46610,6,4,20276,10138,10138,10138.0,1,1,1,0.10977450000018507,0.3218173000000206,0,47,46,48,45,6
Data_NA_Wagga_Wagga,6,46610,6,5,0,0,0,0.0,1,1,1,0.007219800000257237,0.06574869999985822,0,15,1,16,0,1
Data_NA_Wakehurst,6,47894,6,0,30517,15259,15259,15259.0,1,1,1,0.15685500000017782,1.2698829000000842,0,163,166,164,165,31
Data_NA_Wakehurst,6,47894,6,1,31141,15571,15571,15571.0,1,1,1,0.13935270000001765,1.2173463999997693,0,161,165,162,164,29
Data_NA_Wakehurst,6,47894,6,2,0,0,0,0.0,1,1,1,0.010822000000189291,0.06228420000024926,0,15,1,16,0,1
Data_NA_Wakehurst,6,47894,6,3,21540,10770,10770,10770.0,1,1,1,0.044315199999800825,0.2441395000000739,0,37,38,38,37,7
Data_NA_Wakehurst,6,47894,6,4,26362,13181,13181,13181.0,1,1,1,0.09375460000001112,0.2358748999999989,0,37,42,38,41,5
Data_NA_Wakehurst,6,47894,6,5,23087,11544,11544,11544.0,1,1,1,0.06421399999999267,0.23751430000038454,0,34,38,35,37,4
Data_NA_Wallsend,5,49631,5,0,29660,14830,14830,14830.0,1,1,1,0.025404600000001665,0.23758530000031897,0,43,45,44,44,9
Data_NA_Wallsend,5,49631,5,1,29749,14875,14875,14875.0,1,1,1,0.02624610000020766,0.25083100000028935,0,43,45,44,44,9
Data_NA_Wallsend,5,49631,5,2,0,0,0,0.0,1,1,1,0.0013785000001007575,0.03408300000000963,0,10,1,11,0,1
Data_NA_Wallsend,5,49631,5,3,24692,12346,12346,12346.0,1,1,1,0.03457750000006854,0.10340359999963766,0,19,22,20,21,3
Data_NA_Wallsend,5,49631,5,4,18835,9418,9418,9418.0,1,1,1,0.010969699999805016,0.061455499999738095,0,13,14,14,13,2
Data_NA_Willoughby,6,47302,6,0,20319,10160,10160,10160.0,1,1,1,0.03904359999978624,0.2235491000001275,0,35,38,36,37,5
Data_NA_Willoughby,6,47302,6,1,28060,14030,14030,14030.0,1,1,1,0.04599670000015976,0.18681180000021413,0,32,42,33,41,2
Data_NA_Willoughby,6,47302,6,2,20493,10247,10247,10247.0,1,1,1,0.049207100000330684,0.2218164999999317,0,35,38,36,37,5
Data_NA_Willoughby,6,47302,6,3,0,0,0,0.0,1,1,1,0.007137200000215671,0.06541070000002946,0,19,1,20,0,1
Data_NA_Willoughby,6,47302,6,4,32757,16379,16379,16379.0,1,1,1,0.11993919999986247,1.1802410999998756,0,159,161,160,160,29
Data_NA_Willoughby,6,47302,6,5,31105,15553,15553,15553.0,1,1,1,0.1109452999999121,1.2528469000003497,0,159,161,160,160,29
Data_NA_Wollondilly,6,47182,6,0,24527,12264,12264,12264.0,1,1,1,0.17076940000015384,0.2882081999996444,0,44,61,45,60,5
Data_NA_Wollondilly,6,47182,6,1,0,0,0,0.0,1,1,1,0.0073428999999123334,0.06087729999990188,0,15,1,16,0,1
Data_NA_Wollondilly,6,47182,6,2,20075,10038,10038,10038.0,1,1,1,0.0968484999998509,0.20952649999981077,0,32,42,33,41,4
Data_NA_Wollondilly,6,47182,6,3,21125,10563,10563,10563.0,1,1,1,0.1060763999998926,0.2118799999998373,0,32,43,33,42,4
Data_NA_Wollondilly,6,47182,6,4,14801,7401,7401,7401.0,1,1,1,0.05447619999995368,0.2638581000001068,0,39,40,40,39,7
Data_NA_Wollondilly,6,47182,6,5,23494,11747,11747,11747.0,1,1,1,0.13518500000009226,0.2760179000001699,0,44,56,45,55,5
Data_NA_Wollongong,7,49702,7,0,18788,9394,9394,9394.0,1,1,1,2.132774899999731,3.995495299999675,0,329,437,330,436,6
Data_NA_Wollongong,7,49702,7,1,10304,5152,5152,5152.0,1,1,1,0.377017700000124,1.2574659000001702,0,90,109,91,108,7
Data_NA_Wollongong,7,49702,7,2,19532,9766,9766,9766.0,1,1,1,2.582676300000003,9.668697200000224,0,599,828,600,687,76
Data_NA_Wollongong,7,49702,7,3,6733,3367,3367,3367.0,1,1,1,0.1982333999999355,0.645103900000322,0,45,46,46,45,7
Data_NA_Wollongong,7,49702,7,4,19209,9605,9605,9605.0,1,1,1,1.3909093999996003,3.815505900000062,0,319,424,320,423,4
Data_NA_Wollongong,7,49702,7,5,0,0,0,0.0,1,1,1,0.03353450000031444,0.22185320000016873,0,26,1,27,0,1
Data_NA_Wollongong,7,49702,7,6,14806,7403,7403,7403.0,1,1,1,0.49112520000016957,1.0353930000001128,0,82,148,83,147,5
Data_NA_Wyong,7,46070,7,0,0,0,0,0.0,1,1,1,0.021216699999968114,0.16400049999992916,0,24,1,25,0,1
Data_NA_Wyong,7,46070,7,1,23575,11788,11865,11865.0,1,1,0,2.8591221000001497,8.231843799999751,0,636,873,637,854,72
Data_NA_Wyong,7,46070,7,2,24050,12025,12036,12036.0,1,1,0,2.8403622999999243,8.43940909999992,0,631,874,632,873,70
Data_NA_Wyong,7,46070,7,3,20808,10404,10273,10273.0,1,1,0,0.13224369999988994,0.5981306000003315,0,51,52,52,51,8
Data_NA_Wyong,7,46070,7,4,7440,3720,3720,3720.0,1,1,1,0.31638570000041,1.9781669000003603,0,159,167,160,166,23
Data_NA_Wyong,7,46070,7,5,24289,12145,12747.0,12747.0,1,1,0,4.270717999999761,8.904744599999958,0,664,1005,665,920,76
Data_NA_Wyong,7,46070,7,6,23430,11715,11737,11737.0,1,1,0,2.8747859000000062,8.142786600000363,0,626,858,627,841,69
